<?xml version="1.0" encoding="UTF-8"?>
<configuration>
    <!-- Use Spring Boot defaults then override pattern -->
    <include resource="org/springframework/boot/logging/logback/defaults.xml"/>
    <property name="LOG_PATTERN" value="%d{yyyy-MM-dd HH:mm:ss.SSS} [%X{traceId:-}] %-5level %logger{36} - %msg%n"/>

    <appender name="CONSOLE" class="ch.qos.logback.core.ConsoleAppender">
        <encoder>
            <pattern>${LOG_PATTERN}</pattern>
            <charset>UTF-8</charset>
        </encoder>
    </appender>

    <root level="INFO">
        <appender-ref ref="CONSOLE"/>
    </root>
</configuration>
